{
  "IcoMoonType": "selection",
  "icons": [
    {
      "icon": {
        "paths": [
          "M213.333 512h-170.667l213.333 213.333 213.333-213.333h-170.667c0-141.227 114.773-256 256-256s256 114.773 256 256-114.773 256-256 256v85.333c188.587 0 341.333-152.747 341.333-341.333s-152.747-341.333-341.333-341.333-341.333 152.747-341.333 341.333z"
        ],
        "attrs": [
          {}
        ],
        "isMulticolor": false,
        "isMulticolor2": false,
        "grid": 0,
        "tags": [
          "reset"
        ]
      },
      "attrs": [
        {}
      ],
      "properties": {
        "order": 9,
        "id": 1,
        "name": "reset",
        "prevSize": 32
      },
      "setIdx": 0,
      "setId": 4,
      "iconIdx": 0
    },
    {
      "icon": {
        "paths": [
          "M661.333 597.333h-33.707l-11.947-11.52c41.625-48.070 66.987-111.215 66.987-180.284 0-0.069-0-0.138-0-0.207l0 0.011c0-153.167-124.166-277.333-277.333-277.333s-277.333 124.166-277.333 277.333c0 153.167 124.166 277.333 277.333 277.333v0c68.693 0 131.84-25.173 180.48-66.987l11.52 11.947v33.707l213.333 212.907 63.573-63.573-212.907-213.333zM405.333 597.333c-106.24 0-192-85.76-192-192s85.76-192 192-192 192 85.76 192 192-85.76 192-192 192z"
        ],
        "attrs": [
          {}
        ],
        "isMulticolor": false,
        "isMulticolor2": false,
        "grid": 0,
        "tags": [
          "search"
        ]
      },
      "attrs": [
        {}
      ],
      "properties": {
        "order": 8,
        "id": 0,
        "name": "search",
        "prevSize": 32
      },
      "setIdx": 0,
      "setId": 4,
      "iconIdx": 1
    }
  ],
  "height": 1024,
  "preferences": {
    "showGlyphs": true,
    "showQuickUse": true,
    "showQuickUse2": true,
    "showSVGs": true,
    "fontPref": {
      "prefix": "icon-",
      "metadata": {
        "fontFamily": "icomoon"
      },
      "metrics": {
        "emSize": 1024,
        "baseline": 6.25,
        "whitespace": 50
      },
      "embed": false
    },
    "imagePref": {
      "prefix": "icon-",
      "png": false,
      "useClassSelector": true,
      "color": 0,
      "bgColor": 16777215,
      "classSelector": ".icon",
      "name": "modal",
      "height": 32,
      "columns": 16,
      "margin": 16,
      "sprite": false
    },
    "historySize": 50,
    "showCodes": true,
    "gridSize": 16
  }
}